{
  "skill_frequency": {
    "r": 40,
    "python": 29,
    "sql": 25,
    "machine learning": 21,
    "aws": 20,
    "excel": 20,
    "scala": 19,
    "azure": 14,
    "statistics": 12,
    "spark": 11,
    "pytorch": 10,
    "java": 9,
    "deep learning": 8,
    "tensorflow": 7,
    "scikit-learn": 5,
    "tableau": 5,
    "hadoop": 5,
    "power bi": 5,
    "gcp": 4,
    "nlp": 3
  },
  "tfidf_by_role": {
    "Data Scientist": [
      [
        "data",
        0.15678422482608734
      ],
      [
        "experience",
        0.09119404998434542
      ],
      [
        "science",
        0.08123714408095221
      ],
      [
        "learning",
        0.06666899249147334
      ],
      [
        "ai",
        0.06335304131299357
      ],
      [
        "business",
        0.05443788645571906
      ],
      [
        "models",
        0.053622093177452056
      ],
      [
        "machine",
        0.04709481994560855
      ],
      [
        "work",
        0.04650613276955709
      ],
      [
        "technical",
        0.045202474118911984
      ]
    ],
    "Machine Learning Engineer": [
      [
        "learning",
        0.14250472864457767
      ],
      [
        "data",
        0.13589511967687637
      ],
      [
        "machine",
        0.11347763950541512
      ],
      [
        "ml",
        0.09506821883386975
      ],
      [
        "experience",
        0.09322646087756446
      ],
      [
        "engineering",
        0.07461664039821288
      ],
      [
        "adobe",
        0.06938063982503276
      ],
      [
        "models",
        0.06418101105041901
      ],
      [
        "systems",
        0.06007682542148617
      ],
      [
        "pinterest",
        0.054466359093381295
      ]
    ],
    "Data Analyst": [
      [
        "data",
        0.13877712812089274
      ],
      [
        "ai",
        0.08193350100812723
      ],
      [
        "experience",
        0.08111772286263504
      ],
      [
        "work",
        0.07301484093788951
      ],
      [
        "analyst",
        0.0724730704217225
      ],
      [
        "zywave",
        0.060110681075187036
      ],
      [
        "paypal",
        0.057332187269654736
      ],
      [
        "skills",
        0.04804387699693314
      ],
      [
        "support",
        0.046387533161366575
      ],
      [
        "modsquad",
        0.04553293252565012
      ]
    ],
    "Data Engineer": [
      [
        "data",
        0.2552438614331284
      ],
      [
        "experience",
        0.08562603102636573
      ],
      [
        "capital",
        0.06170904052003425
      ],
      [
        "engineering",
        0.056778700733091686
      ],
      [
        "gsk",
        0.05518258916683664
      ],
      [
        "engineer",
        0.054244813412936306
      ],
      [
        "ey",
        0.051336949183159536
      ],
      [
        "cloud",
        0.049226549269149614
      ],
      [
        "business",
        0.047363498735220166
      ],
      [
        "solutions",
        0.045834223128336876
      ]
    ]
  },
  "cluster_result": {
    "cluster_assignment": [
      {
        "title": "Data Scientist II \u2013 QuantumBlack, AI by McKinsey",
        "company": "McKinsey & Company",
        "cluster": 2
      },
      {
        "title": "Senior Data Scientist - Revenue Intelligence",
        "company": "GitHub, Inc.",
        "cluster": 2
      },
      {
        "title": "Lead Data Scientist",
        "company": "Lumen",
        "cluster": 2
      },
      {
        "title": "Data Scientist (AI/ML)",
        "company": "BillGO, Inc.",
        "cluster": 2
      },
      {
        "title": "[Remote] Remote Part Time Data Scientist",
        "company": "Insight Global",
        "cluster": 2
      },
      {
        "title": "Data Scientist, Data and Machine Learning, WWPS US Federal",
        "company": "Amazon Web Services (AWS)",
        "cluster": 2
      },
      {
        "title": "Sr/Staff Data Scientist (Remote - US)",
        "company": "BNSF Railway",
        "cluster": 2
      },
      {
        "title": "Data Scientist I",
        "company": "Battelle",
        "cluster": 2
      },
      {
        "title": "Business Intelligence Data Scientist",
        "company": "Bluesky",
        "cluster": 2
      },
      {
        "title": "Data Scientist L6 - Games Portfolio",
        "company": "Netflix",
        "cluster": 2
      },
      {
        "title": "Generative AI & Machine Learning Engineer",
        "company": "Thomson Reuters",
        "cluster": 2
      },
      {
        "title": "Senior Lead Machine Learning Engineer",
        "company": "Capital One",
        "cluster": 0
      },
      {
        "title": "Machine Learning Engineer",
        "company": "Goosehead Insurance Agency",
        "cluster": 1
      },
      {
        "title": "Senior Machine Learning Engineer",
        "company": "Adobe",
        "cluster": 0
      },
      {
        "title": "Sr. Machine Learning Engineer, Monetization Engineering",
        "company": "Pinterest",
        "cluster": 0
      },
      {
        "title": "Senior Machine Learning Engineer, Personalization and Recommendations",
        "company": "Quizlet",
        "cluster": 0
      },
      {
        "title": "Artificial Intelligence / Machine Learning (AI / ML) Mid-Career Systems Engineer",
        "company": "Peraton",
        "cluster": 2
      },
      {
        "title": "Machine Learning Engineer",
        "company": "Peyton Resource Group",
        "cluster": 1
      },
      {
        "title": "Machine Learning Engineer I - Multimodal Artificial Intelligence for Women's Health (On Site)",
        "company": "Mount Sinai Health Systems",
        "cluster": 2
      },
      {
        "title": "Machine Learning Engineer 100% Remote",
        "company": "SherlockTalent",
        "cluster": 2
      },
      {
        "title": "Data Analyst Mid to Senior",
        "company": "Progressive",
        "cluster": 2
      },
      {
        "title": "Data Analyst - Remote",
        "company": "ZYWAVE INC.",
        "cluster": 1
      },
      {
        "title": "Data Analyst I",
        "company": "DEVELOPMENTAL PATHWAYS",
        "cluster": 1
      },
      {
        "title": "AI Data Analyst",
        "company": "Jobgether",
        "cluster": 2
      },
      {
        "title": "Finance Data Analyst Job at Outlier AI in Colorado Springs",
        "company": "Outlier AI",
        "cluster": 1
      },
      {
        "title": "Financial Data Analyst - Entry Level",
        "company": "Robert Half",
        "cluster": 2
      },
      {
        "title": "Data Analyst - Marketing",
        "company": "Monarch Money",
        "cluster": 1
      },
      {
        "title": "SQL Developer with Data analyst with Genai",
        "company": "Technogen, Inc.",
        "cluster": 2
      },
      {
        "title": "Analyst, Data Analytics",
        "company": "0020 PayPal, Inc.",
        "cluster": 2
      },
      {
        "title": "Enterprise Data Analyst",
        "company": "LE001 ModSquad, Inc.",
        "cluster": 1
      },
      {
        "title": "Data Engineer - AI/NLP",
        "company": "PSI (Proteam Solutions)",
        "cluster": 2
      },
      {
        "title": "Senior Data Engineer (Intelligent Foundations and Experiences)",
        "company": "Capital One",
        "cluster": 2
      },
      {
        "title": "Databricks Data Engineer - Senior - Consulting - Location Open 1",
        "company": "EY",
        "cluster": 2
      },
      {
        "title": "Senior Data Engineer",
        "company": "GSK",
        "cluster": 1
      },
      {
        "title": "Lead Data Engineer - Data Control",
        "company": "First Citizens Bank",
        "cluster": 1
      },
      {
        "title": "AI Automations Data Engineer / Data Scientist",
        "company": "RTX",
        "cluster": 2
      },
      {
        "title": "Senior BI Data Engineer",